source_ship_to,target_bp,sold_to_bp,country,region,incoterms,migration_status,dq_rule
80000001,BP80000001,BP70000001,CA,QC,DAP,READY,
80000002,BP80000002,BP70000002,US,OH,EXW,READY,
80000003,BP80000003,BP70000003,CA,AB,FOB,READY,
80000004,BP80000004,BP70000004,US,NY,DAP,READY,
80000005,BP80000005,BP70000005,CA,QC,EXW,READY,
80000006,BP80000006,BP70000006,US,OH,FOB,READY,
80000007,BP80000007,BP70000007,CA,AB,DAP,READY,
80000008,BP80000008,BP70000008,US,NY,EXW,NEEDS_REVIEW,Orphan ship-to
80000009,BP80000009,BP70000009,CA,QC,FOB,READY,
80000010,BP80000010,BP70000010,US,OH,DAP,READY,
80000011,BP80000011,BP70000011,CA,AB,EXW,READY,
80000012,BP80000012,BP70000012,US,NY,FOB,READY,
80000013,BP80000013,BP70000013,CA,QC,DAP,READY,
80000014,BP80000014,BP70000014,US,OH,EXW,READY,
80000015,BP80000015,BP70000015,CA,AB,FOB,READY,
80000016,BP80000016,BP70000016,US,NY,DAP,NEEDS_REVIEW,Orphan ship-to
80000017,BP80000017,BP70000017,CA,QC,EXW,READY,
80000018,BP80000018,BP70000018,US,OH,FOB,READY,
80000019,BP80000019,BP70000019,CA,AB,DAP,READY,
80000020,BP80000020,BP70000020,US,NY,EXW,READY,
80000021,BP80000021,BP70000021,CA,QC,FOB,READY,
80000022,BP80000022,BP70000022,US,OH,DAP,READY,
80000023,BP80000023,BP70000023,CA,AB,EXW,READY,
80000024,BP80000024,BP70000024,US,NY,FOB,NEEDS_REVIEW,Orphan ship-to
80000025,BP80000025,BP70000025,CA,QC,DAP,READY,
80000026,BP80000026,BP70000026,US,OH,EXW,READY,
80000027,BP80000027,BP70000027,CA,AB,FOB,READY,
80000028,BP80000028,BP70000028,US,NY,DAP,READY,
80000029,BP80000029,BP70000029,CA,QC,EXW,READY,
80000030,BP80000030,BP70000030,US,OH,FOB,READY,
80000031,BP80000031,BP70000031,CA,AB,DAP,READY,
80000032,BP80000032,BP70000032,US,NY,EXW,NEEDS_REVIEW,Orphan ship-to
80000033,BP80000033,BP70000033,CA,QC,FOB,READY,
80000034,BP80000034,BP70000034,US,OH,DAP,READY,
80000035,BP80000035,BP70000035,CA,AB,EXW,READY,
80000036,BP80000036,BP70000036,US,NY,FOB,READY,
80000037,BP80000037,BP70000037,CA,QC,DAP,READY,
80000038,BP80000038,BP70000038,US,OH,EXW,READY,
80000039,BP80000039,BP70000039,CA,AB,FOB,READY,
80000040,BP80000040,BP70000040,US,NY,DAP,NEEDS_REVIEW,Orphan ship-to
