source_matnr,target_matnr,description,uom,plant,mrp_type,valuation_class,migration_status,dq_rule
MAT00001,S4-MAT00001,Na Cementitious Blend 001,EA,1100,VB,3100,READY,
MAT00002,S4-MAT00002,Na Cementitious Blend 002,PAL,1200,ND,7900,READY,
MAT00003,S4-MAT00003,Na Cementitious Blend 003,TO,2000,PD,3000,READY,
MAT00004,S4-MAT00004,Na Cementitious Blend 004,EA,1000,VB,3100,READY,
MAT00005,S4-MAT00005,Na Cementitious Blend 005,PAL,1100,ND,7900,READY,
MAT00006,S4-MAT00006,Na Cementitious Blend 006,TO,1200,PD,3000,READY,
MAT00007,S4-MAT00007,Na Cementitious Blend 007,EA,2000,VB,3100,READY,
MAT00008,S4-MAT00008,Na Cementitious Blend 008,PAL,1000,ND,7900,READY,
MAT00009,S4-MAT00009,Na Cementitious Blend 009,TO,1100,PD,3000,READY,
MAT00010,S4-MAT00010,Na Cementitious Blend 010,,1200,VB,3100,NEEDS_REVIEW,UOM
MAT00011,S4-MAT00011,Na Cementitious Blend 011,PAL,2000,ND,7900,READY,
MAT00012,S4-MAT00012,Na Cementitious Blend 012,TO,1000,PD,3000,READY,
MAT00013,S4-MAT00013,Na Cementitious Blend 013,EA,1100,VB,3100,NEEDS_REVIEW,Duplicates
MAT00014,S4-MAT00014,Na Cementitious Blend 014,PAL,1200,ND,7900,READY,
MAT00015,S4-MAT00015,Na Cementitious Blend 015,TO,2000,PD,3000,READY,
MAT00016,S4-MAT00016,Na Cementitious Blend 016,EA,1000,VB,3100,READY,
MAT00017,S4-MAT00017,Na Cementitious Blend 017,PAL,1100,ND,7900,READY,
MAT00018,S4-MAT00018,Na Cementitious Blend 018,TO,1200,PD,3000,READY,
MAT00019,S4-MAT00019,Na Cementitious Blend 019,EA,2000,VB,3100,READY,
MAT00020,S4-MAT00020,Na Cementitious Blend 020,,1000,ND,7900,NEEDS_REVIEW,UOM
MAT00021,S4-MAT00021,Na Cementitious Blend 021,TO,1100,PD,3000,READY,
MAT00022,S4-MAT00022,Na Cementitious Blend 022,EA,1200,VB,3100,READY,
MAT00023,S4-MAT00023,Na Cementitious Blend 023,PAL,2000,ND,7900,READY,
MAT00024,S4-MAT00024,Na Cementitious Blend 024,TO,1000,PD,3000,READY,
MAT00025,S4-MAT00025,Na Cementitious Blend 025,EA,1100,VB,3100,READY,
MAT00026,S4-MAT00026,Na Cementitious Blend 026,PAL,1200,ND,7900,NEEDS_REVIEW,Duplicates
MAT00027,S4-MAT00027,Na Cementitious Blend 027,TO,2000,PD,3000,READY,
MAT00028,S4-MAT00028,Na Cementitious Blend 028,EA,1000,VB,3100,READY,
MAT00029,S4-MAT00029,Na Cementitious Blend 029,PAL,1100,ND,7900,READY,
MAT00030,S4-MAT00030,Na Cementitious Blend 030,,1200,PD,3000,NEEDS_REVIEW,UOM
MAT00031,S4-MAT00031,Na Cementitious Blend 031,EA,2000,VB,3100,READY,
MAT00032,S4-MAT00032,Na Cementitious Blend 032,PAL,1000,ND,7900,READY,
MAT00033,S4-MAT00033,Na Cementitious Blend 033,TO,1100,PD,3000,READY,
MAT00034,S4-MAT00034,Na Cementitious Blend 034,EA,1200,VB,3100,READY,
MAT00035,S4-MAT00035,Na Cementitious Blend 035,PAL,2000,ND,7900,READY,
MAT00036,S4-MAT00036,Na Cementitious Blend 036,TO,1000,PD,3000,READY,
MAT00037,S4-MAT00037,Na Cementitious Blend 037,EA,1100,VB,3100,READY,
MAT00038,S4-MAT00038,Na Cementitious Blend 038,PAL,1200,ND,7900,READY,
MAT00039,S4-MAT00039,Na Cementitious Blend 039,TO,2000,PD,3000,NEEDS_REVIEW,Duplicates
MAT00040,S4-MAT00040,Na Cementitious Blend 040,,1000,VB,3100,NEEDS_REVIEW,UOM
MAT00041,S4-MAT00041,Na Cementitious Blend 041,PAL,1100,ND,7900,READY,
MAT00042,S4-MAT00042,Na Cementitious Blend 042,TO,1200,PD,3000,READY,
MAT00043,S4-MAT00043,Na Cementitious Blend 043,EA,2000,VB,3100,READY,
MAT00044,S4-MAT00044,Na Cementitious Blend 044,PAL,1000,ND,7900,READY,
MAT00045,S4-MAT00045,Na Cementitious Blend 045,TO,1100,PD,3000,READY,
MAT00046,S4-MAT00046,Na Cementitious Blend 046,EA,1200,VB,3100,READY,
MAT00047,S4-MAT00047,Na Cementitious Blend 047,PAL,2000,ND,7900,READY,
MAT00048,S4-MAT00048,Na Cementitious Blend 048,TO,1000,PD,3000,READY,
MAT00049,S4-MAT00049,Na Cementitious Blend 049,EA,1100,VB,3100,READY,
MAT00050,S4-MAT00050,Na Cementitious Blend 050,,1200,ND,7900,NEEDS_REVIEW,UOM
MAT00051,S4-MAT00051,Na Cementitious Blend 051,TO,2000,PD,3000,READY,
MAT00052,S4-MAT00052,Na Cementitious Blend 052,EA,1000,VB,3100,NEEDS_REVIEW,Duplicates
MAT00053,S4-MAT00053,Na Cementitious Blend 053,PAL,1100,ND,7900,READY,
MAT00054,S4-MAT00054,Na Cementitious Blend 054,TO,1200,PD,3000,READY,
MAT00055,S4-MAT00055,Na Cementitious Blend 055,EA,2000,VB,3100,READY,
MAT00056,S4-MAT00056,Na Cementitious Blend 056,PAL,1000,ND,7900,READY,
MAT00057,S4-MAT00057,Na Cementitious Blend 057,TO,1100,PD,3000,READY,
MAT00058,S4-MAT00058,Na Cementitious Blend 058,EA,1200,VB,3100,READY,
MAT00059,S4-MAT00059,Na Cementitious Blend 059,PAL,2000,ND,7900,READY,
MAT00060,S4-MAT00060,Na Cementitious Blend 060,,1000,PD,3000,NEEDS_REVIEW,UOM
MAT00061,S4-MAT00061,Na Cementitious Blend 061,EA,1100,VB,3100,READY,
MAT00062,S4-MAT00062,Na Cementitious Blend 062,PAL,1200,ND,7900,READY,
MAT00063,S4-MAT00063,Na Cementitious Blend 063,TO,2000,PD,3000,READY,
MAT00064,S4-MAT00064,Na Cementitious Blend 064,EA,1000,VB,3100,READY,
MAT00065,S4-MAT00065,Na Cementitious Blend 065,PAL,1100,ND,7900,NEEDS_REVIEW,Duplicates
MAT00066,S4-MAT00066,Na Cementitious Blend 066,TO,1200,PD,3000,READY,
MAT00067,S4-MAT00067,Na Cementitious Blend 067,EA,2000,VB,3100,READY,
MAT00068,S4-MAT00068,Na Cementitious Blend 068,PAL,1000,ND,7900,READY,
MAT00069,S4-MAT00069,Na Cementitious Blend 069,TO,1100,PD,3000,READY,
MAT00070,S4-MAT00070,Na Cementitious Blend 070,,1200,VB,3100,NEEDS_REVIEW,UOM
MAT00071,S4-MAT00071,Na Cementitious Blend 071,PAL,2000,ND,7900,READY,
MAT00072,S4-MAT00072,Na Cementitious Blend 072,TO,1000,PD,3000,READY,
MAT00073,S4-MAT00073,Na Cementitious Blend 073,EA,1100,VB,3100,READY,
MAT00074,S4-MAT00074,Na Cementitious Blend 074,PAL,1200,ND,7900,READY,
MAT00075,S4-MAT00075,Na Cementitious Blend 075,TO,2000,PD,3000,READY,
MAT00076,S4-MAT00076,Na Cementitious Blend 076,EA,1000,VB,3100,READY,
MAT00077,S4-MAT00077,Na Cementitious Blend 077,PAL,1100,ND,7900,READY,
MAT00078,S4-MAT00078,Na Cementitious Blend 078,TO,1200,PD,3000,NEEDS_REVIEW,Duplicates
MAT00079,S4-MAT00079,Na Cementitious Blend 079,EA,2000,VB,3100,READY,
MAT00080,S4-MAT00080,Na Cementitious Blend 080,,1000,ND,7900,NEEDS_REVIEW,UOM
