source_lifnr,target_bp,name1,country,payment_terms,currency,migration_status,dq_rule
V0000001,BPV0000001,Supplier 001 Inc,US,NT45,USD,READY,
V0000002,BPV0000002,Supplier 002 Inc,MX,NT60,USD,READY,
V0000003,BPV0000003,Supplier 003 Inc,CA,NT30,CAD,READY,
V0000004,BPV0000004,Supplier 004 Inc,US,NT45,USD,READY,
V0000005,BPV0000005,Supplier 005 Inc,MX,NT60,USD,READY,
V0000006,BPV0000006,Supplier 006 Inc,CA,NT30,CAD,READY,
V0000007,BPV0000007,Supplier 007 Inc,US,NT45,USD,READY,
V0000008,BPV0000008,Supplier 008 Inc,MX,NT60,USD,NEEDS_REVIEW,Bank keys
V0000009,BPV0000009,Supplier 009 Inc,CA,NT30,CAD,NEEDS_REVIEW,Duplicates
V0000010,BPV0000010,Supplier 010 Inc,US,NT45,USD,READY,
V0000011,BPV0000011,Supplier 011 Inc,MX,NT60,USD,READY,
V0000012,BPV0000012,Supplier 012 Inc,CA,NT30,CAD,READY,
V0000013,BPV0000013,Supplier 013 Inc,US,NT45,USD,READY,
V0000014,BPV0000014,Supplier 014 Inc,MX,NT60,USD,READY,
V0000015,BPV0000015,Supplier 015 Inc,CA,NT30,CAD,READY,
V0000016,BPV0000016,Supplier 016 Inc,US,NT45,USD,NEEDS_REVIEW,Bank keys
V0000017,BPV0000017,Supplier 017 Inc,MX,NT60,USD,READY,
V0000018,BPV0000018,Supplier 018 Inc,CA,NT30,CAD,NEEDS_REVIEW,Duplicates
V0000019,BPV0000019,Supplier 019 Inc,US,NT45,USD,READY,
V0000020,BPV0000020,Supplier 020 Inc,MX,NT60,USD,READY,
V0000021,BPV0000021,Supplier 021 Inc,CA,NT30,CAD,READY,
V0000022,BPV0000022,Supplier 022 Inc,US,NT45,USD,READY,
V0000023,BPV0000023,Supplier 023 Inc,MX,NT60,USD,READY,
V0000024,BPV0000024,Supplier 024 Inc,CA,NT30,CAD,NEEDS_REVIEW,Bank keys
V0000025,BPV0000025,Supplier 025 Inc,US,NT45,USD,READY,
V0000026,BPV0000026,Supplier 026 Inc,MX,NT60,USD,READY,
V0000027,BPV0000027,Supplier 027 Inc,CA,NT30,CAD,NEEDS_REVIEW,Duplicates
V0000028,BPV0000028,Supplier 028 Inc,US,NT45,USD,READY,
V0000029,BPV0000029,Supplier 029 Inc,MX,NT60,USD,READY,
V0000030,BPV0000030,Supplier 030 Inc,CA,NT30,CAD,READY,
V0000031,BPV0000031,Supplier 031 Inc,US,NT45,USD,READY,
V0000032,BPV0000032,Supplier 032 Inc,MX,NT60,USD,NEEDS_REVIEW,Bank keys
V0000033,BPV0000033,Supplier 033 Inc,CA,NT30,CAD,READY,
V0000034,BPV0000034,Supplier 034 Inc,US,NT45,USD,READY,
V0000035,BPV0000035,Supplier 035 Inc,MX,NT60,USD,READY,
V0000036,BPV0000036,Supplier 036 Inc,CA,NT30,CAD,NEEDS_REVIEW,Duplicates
V0000037,BPV0000037,Supplier 037 Inc,US,NT45,USD,READY,
V0000038,BPV0000038,Supplier 038 Inc,MX,NT60,USD,READY,
V0000039,BPV0000039,Supplier 039 Inc,CA,NT30,CAD,READY,
V0000040,BPV0000040,Supplier 040 Inc,US,NT45,USD,NEEDS_REVIEW,Bank keys
