legacy_kunnr,name1,country,region,postal_code,sales_org,dist_channel,division,partner_role,dq_flag
70000001,NA Customer 001 Ltd,CA,QC,M5V 2T6,1000,10,00,SH,OK
70000002,NA Customer 002 Ltd,US,OH,44114,2000,20,00,BP,OK
70000003,NA Customer 003 Ltd,CA,AB,T2P 1J9,1000,10,00,PY,OK
70000004,NA Customer 004 Ltd,US,NY,14202,2000,20,00,SP,OK
70000005,NA Customer 005 Ltd,CA,QC,M5V 2T6,1000,10,00,SH,OK
70000006,NA Customer 006 Ltd,US,OH,44114,2000,20,00,BP,OK
70000007,NA Customer 007 Ltd,CA,AB,T2P 1J9,1000,10,00,PY,OK
70000008,NA Customer 008 Ltd,US,NY,14202,2000,20,00,SP,OK
70000009,NA Customer 009 Ltd,CA,QC,M5V 2T6,1000,10,00,SH,OK
70000010,NA Customer 010 Ltd,US,OH,44114,2000,20,00,BP,Tax ID
70000011,NA Customer 011 Ltd,CA,NY,14202,1000,10,00,PY,Country/region
70000012,NA Customer 012 Ltd,US,NY,14202,2000,20,00,SP,OK
70000013,NA Customer 013 Ltd,CA,QC,M5V 2T6,1000,10,00,SH,OK
70000014,NA Customer 014 Ltd,US,OH,44114,2000,20,00,BP,OK
70000015,NA Customer 015 Ltd,CA,AB,T2P 1J9,1000,10,00,PY,OK
70000016,NA Customer 016 Ltd,US,NY,14202,2000,20,00,SP,OK
70000017,NA Customer 017 Ltd,CA,QC,M5V 2T6,1000,10,00,SH,OK
70000018,NA Customer 018 Ltd,US,OH,44114,2000,20,00,BP,OK
70000019,NA Customer 019 Ltd,CA,AB,T2P 1J9,1000,10,00,PY,OK
70000020,NA Customer 020 Ltd,US,NY,14202,2000,20,00,SP,Tax ID
70000021,NA Customer 021 Ltd,CA,QC,M5V 2T6,1000,10,00,SH,OK
70000022,NA Customer 022 Ltd,US,ON,L6H 0C3,2000,20,00,BP,Country/region
70000023,NA Customer 023 Ltd,CA,AB,T2P 1J9,1000,10,00,PY,OK
70000024,NA Customer 024 Ltd,US,NY,14202,2000,20,00,SP,OK
70000025,NA Customer 025 Ltd,CA,QC,M5V 2T6,1000,10,00,SH,OK
70000026,NA Customer 026 Ltd,US,OH,44114,2000,20,00,BP,OK
70000027,NA Customer 027 Ltd,CA,AB,T2P 1J9,1000,10,00,PY,OK
70000028,NA Customer 028 Ltd,US,NY,14202,2000,20,00,SP,OK
70000029,NA Customer 029 Ltd,CA,QC,M5V 2T6,1000,10,00,SH,OK
70000030,NA Customer 030 Ltd,US,OH,44114,2000,20,00,BP,Tax ID
70000031,NA Customer 031 Ltd,CA,AB,T2P 1J9,1000,10,00,PY,OK
70000032,NA Customer 032 Ltd,US,NY,14202,2000,20,00,SP,OK
70000033,NA Customer 033 Ltd,CA,NY,14202,1000,10,00,SH,Country/region
70000034,NA Customer 034 Ltd,US,OH,44114,2000,20,00,BP,OK
70000035,NA Customer 035 Ltd,CA,AB,T2P 1J9,1000,10,00,PY,OK
70000036,NA Customer 036 Ltd,US,NY,14202,2000,20,00,SP,OK
70000037,NA Customer 037 Ltd,CA,QC,M5V 2T6,1000,10,00,SH,OK
70000038,NA Customer 038 Ltd,US,OH,44114,2000,20,00,BP,OK
70000039,NA Customer 039 Ltd,CA,AB,T2P 1J9,1000,10,00,PY,OK
70000040,NA Customer 040 Ltd,US,NY,14202,2000,20,00,SP,Tax ID
70000041,NA Customer 041 Ltd,CA,QC,M5V 2T6,1000,10,00,SH,OK
70000042,NA Customer 042 Ltd,US,OH,44114,2000,20,00,BP,OK
70000043,NA Customer 043 Ltd,CA,AB,T2P 1J9,1000,10,00,PY,OK
70000044,NA Customer 044 Ltd,US,ON,L6H 0C3,2000,20,00,SP,Country/region
70000045,NA Customer 045 Ltd,CA,QC,M5V 2T6,1000,10,00,SH,OK
70000046,NA Customer 046 Ltd,US,OH,44114,2000,20,00,BP,OK
70000047,NA Customer 047 Ltd,CA,AB,T2P 1J9,1000,10,00,PY,OK
70000048,NA Customer 048 Ltd,US,NY,14202,2000,20,00,SP,OK
70000049,NA Customer 049 Ltd,CA,QC,M5V 2T6,1000,10,00,SH,OK
70000050,NA Customer 050 Ltd,US,OH,44114,2000,20,00,BP,Tax ID
70000051,NA Customer 051 Ltd,CA,AB,T2P 1J9,1000,10,00,PY,OK
70000052,NA Customer 052 Ltd,US,NY,14202,2000,20,00,SP,OK
70000053,NA Customer 053 Ltd,CA,QC,M5V 2T6,1000,10,00,SH,OK
70000054,NA Customer 054 Ltd,US,OH,44114,2000,20,00,BP,OK
70000055,NA Customer 055 Ltd,CA,NY,14202,1000,10,00,PY,Country/region
70000056,NA Customer 056 Ltd,US,NY,14202,2000,20,00,SP,OK
70000057,NA Customer 057 Ltd,CA,QC,M5V 2T6,1000,10,00,SH,OK
70000058,NA Customer 058 Ltd,US,OH,44114,2000,20,00,BP,OK
70000059,NA Customer 059 Ltd,CA,AB,T2P 1J9,1000,10,00,PY,OK
70000060,NA Customer 060 Ltd,US,NY,14202,2000,20,00,SP,Tax ID
