legacy_matnr,description,uom,plant,mrp_type,valuation_class,gross_weight,dq_flag
MAT00001,NA Cementitious Blend 001,EA,1100,VB,3100,1.5,OK
MAT00002,NA Cementitious Blend 002,PAL,1200,ND,7900,2.5,OK
MAT00003,NA Cementitious Blend 003,TO,2000,PD,3000,3.5,OK
MAT00004,NA Cementitious Blend 004,EA,1000,VB,3100,4.5,OK
MAT00005,NA Cementitious Blend 005,PAL,1100,ND,7900,5.5,OK
MAT00006,NA Cementitious Blend 006,TO,1200,PD,3000,6.5,OK
MAT00007,NA Cementitious Blend 007,EA,2000,VB,3100,7.5,OK
MAT00008,NA Cementitious Blend 008,PAL,1000,ND,7900,8.5,OK
MAT00009,NA Cementitious Blend 009,TO,1100,PD,3000,9.5,OK
MAT00010,NA Cementitious Blend 010,,1200,VB,3100,10.5,UOM
MAT00011,NA Cementitious Blend 011,PAL,2000,ND,7900,11.5,OK
MAT00012,NA Cementitious Blend 012,TO,1000,PD,3000,12.5,OK
MAT00013,NA Cementitious Blend 013,EA,1100,VB,3100,13.5,Duplicates
MAT00014,NA Cementitious Blend 014,PAL,1200,ND,7900,14.5,OK
MAT00015,NA Cementitious Blend 015,TO,2000,PD,3000,15.5,OK
MAT00016,NA Cementitious Blend 016,EA,1000,VB,3100,16.5,OK
MAT00017,NA Cementitious Blend 017,PAL,1100,ND,7900,17.5,OK
MAT00018,NA Cementitious Blend 018,TO,1200,PD,3000,18.5,OK
MAT00019,NA Cementitious Blend 019,EA,2000,VB,3100,19.5,OK
MAT00020,NA Cementitious Blend 020,,1000,ND,7900,20.5,UOM
MAT00021,NA Cementitious Blend 021,TO,1100,PD,3000,21.5,OK
MAT00022,NA Cementitious Blend 022,EA,1200,VB,3100,22.5,OK
MAT00023,NA Cementitious Blend 023,PAL,2000,ND,7900,23.5,OK
MAT00024,NA Cementitious Blend 024,TO,1000,PD,3000,24.5,OK
MAT00025,NA Cementitious Blend 025,EA,1100,VB,3100,0.5,OK
MAT00026,NA Cementitious Blend 026,PAL,1200,ND,7900,1.5,Duplicates
MAT00027,NA Cementitious Blend 027,TO,2000,PD,3000,2.5,OK
MAT00028,NA Cementitious Blend 028,EA,1000,VB,3100,3.5,OK
MAT00029,NA Cementitious Blend 029,PAL,1100,ND,7900,4.5,OK
MAT00030,NA Cementitious Blend 030,,1200,PD,3000,5.5,UOM
MAT00031,NA Cementitious Blend 031,EA,2000,VB,3100,6.5,OK
MAT00032,NA Cementitious Blend 032,PAL,1000,ND,7900,7.5,OK
MAT00033,NA Cementitious Blend 033,TO,1100,PD,3000,8.5,OK
MAT00034,NA Cementitious Blend 034,EA,1200,VB,3100,9.5,OK
MAT00035,NA Cementitious Blend 035,PAL,2000,ND,7900,10.5,OK
MAT00036,NA Cementitious Blend 036,TO,1000,PD,3000,11.5,OK
MAT00037,NA Cementitious Blend 037,EA,1100,VB,3100,12.5,OK
MAT00038,NA Cementitious Blend 038,PAL,1200,ND,7900,13.5,OK
MAT00039,NA Cementitious Blend 039,TO,2000,PD,3000,14.5,Duplicates
MAT00040,NA Cementitious Blend 040,,1000,VB,3100,15.5,UOM
MAT00041,NA Cementitious Blend 041,PAL,1100,ND,7900,16.5,OK
MAT00042,NA Cementitious Blend 042,TO,1200,PD,3000,17.5,OK
MAT00043,NA Cementitious Blend 043,EA,2000,VB,3100,18.5,OK
MAT00044,NA Cementitious Blend 044,PAL,1000,ND,7900,19.5,OK
MAT00045,NA Cementitious Blend 045,TO,1100,PD,3000,20.5,OK
MAT00046,NA Cementitious Blend 046,EA,1200,VB,3100,21.5,OK
MAT00047,NA Cementitious Blend 047,PAL,2000,ND,7900,22.5,OK
MAT00048,NA Cementitious Blend 048,TO,1000,PD,3000,23.5,OK
MAT00049,NA Cementitious Blend 049,EA,1100,VB,3100,24.5,OK
MAT00050,NA Cementitious Blend 050,,1200,ND,7900,0.5,UOM
MAT00051,NA Cementitious Blend 051,TO,2000,PD,3000,1.5,OK
MAT00052,NA Cementitious Blend 052,EA,1000,VB,3100,2.5,Duplicates
MAT00053,NA Cementitious Blend 053,PAL,1100,ND,7900,3.5,OK
MAT00054,NA Cementitious Blend 054,TO,1200,PD,3000,4.5,OK
MAT00055,NA Cementitious Blend 055,EA,2000,VB,3100,5.5,OK
MAT00056,NA Cementitious Blend 056,PAL,1000,ND,7900,6.5,OK
MAT00057,NA Cementitious Blend 057,TO,1100,PD,3000,7.5,OK
MAT00058,NA Cementitious Blend 058,EA,1200,VB,3100,8.5,OK
MAT00059,NA Cementitious Blend 059,PAL,2000,ND,7900,9.5,OK
MAT00060,NA Cementitious Blend 060,,1000,PD,3000,10.5,UOM
MAT00061,NA Cementitious Blend 061,EA,1100,VB,3100,11.5,OK
MAT00062,NA Cementitious Blend 062,PAL,1200,ND,7900,12.5,OK
MAT00063,NA Cementitious Blend 063,TO,2000,PD,3000,13.5,OK
MAT00064,NA Cementitious Blend 064,EA,1000,VB,3100,14.5,OK
MAT00065,NA Cementitious Blend 065,PAL,1100,ND,7900,15.5,Duplicates
MAT00066,NA Cementitious Blend 066,TO,1200,PD,3000,16.5,OK
MAT00067,NA Cementitious Blend 067,EA,2000,VB,3100,17.5,OK
MAT00068,NA Cementitious Blend 068,PAL,1000,ND,7900,18.5,OK
MAT00069,NA Cementitious Blend 069,TO,1100,PD,3000,19.5,OK
MAT00070,NA Cementitious Blend 070,,1200,VB,3100,20.5,UOM
MAT00071,NA Cementitious Blend 071,PAL,2000,ND,7900,21.5,OK
MAT00072,NA Cementitious Blend 072,TO,1000,PD,3000,22.5,OK
MAT00073,NA Cementitious Blend 073,EA,1100,VB,3100,23.5,OK
MAT00074,NA Cementitious Blend 074,PAL,1200,ND,7900,24.5,OK
MAT00075,NA Cementitious Blend 075,TO,2000,PD,3000,0.5,OK
MAT00076,NA Cementitious Blend 076,EA,1000,VB,3100,1.5,OK
MAT00077,NA Cementitious Blend 077,PAL,1100,ND,7900,2.5,OK
MAT00078,NA Cementitious Blend 078,TO,1200,PD,3000,3.5,Duplicates
MAT00079,NA Cementitious Blend 079,EA,2000,VB,3100,4.5,OK
MAT00080,NA Cementitious Blend 080,,1000,ND,7900,5.5,UOM
